rfm_segment,%_segment,avg_monetary
hibernating,23.25581395,1594.570005
loyal customer,19.76744186,14032.64994
at risk,16.27906977,4501.396789
champion,11.62790698,18190.63775
potential loyalist,11.62790698,4451.656985
about to sleep,8.139534884,2303.471428
new customer,3.488372093,2134.083366
promising,2.325581395,1004.369995
need attention,2.325581395,4664.326241
cant lose them,1.162790698,23332.3103
