CategoryName,sum_sales,%_sales,%_cumsum_sales
Dairy Products,123910.8,18.82030943,18.82030943
Beverages,110424,16.77185401,35.59216344
Meat/Poultry,87621.03,13.30840328,48.90056672
Confections,87227.77,13.24867261,62.14923934
Seafood,71320.65,10.8326046,72.98184393
Grains/Cereals,60486.95,9.187117793,82.16896173
Condiments,59679,9.064401541,91.23336327
Produce,57718.55,8.766636732,100
