RegionDescription,sum_sales,%_sales,%_cumsum_sales
Eastern                                           ,1366375.81,43.28726668,43.28726668
Western                                           ,896851.4,28.41256808,71.69983476
Southern                                          ,447154.44,14.16601008,85.86584484
Northern                                          ,446148.93,14.13415516,100
